Column_Name,Mean,Std_Deviation
live.network.type.dns,18.5,17.03833554220542
live.network.type.http,79.33333333333333,493.79583352155987
live.network.type.connection,20.142857142857142,9.836644848805568
live.sys_calls.files.modified_count,512.2857142857143,2152.172858749334
live.sys_calls.registry.read,1895.6904761904761,2723.837263575721
live.sys_calls.registry.write,11.761904761904763,16.5113553295899
live.sys_calls.registry.delete,0.07142857142857142,0.26066118021500656
live.memory.dll_count,163.42857142857142,299.068565664533
live.persistence.suspicious_binaries_count,0.3333333333333333,2.160246899469287
live.anomaly_detection.cpu.mean,0.07774568523367913,0.11724742046453397
live.anomaly_detection.memory.mean,0.4606317885072957,0.04204113946894191
VirusTotal.malicious,0.47619047619047616,0.5054867366041313
live.network.regions.United States,88.4047619047619,498.55166131621854
live.network.regions.Netherlands,7.714285714285714,6.783357375387939
live.network.regions.Ireland,6.5476190476190474,5.4199378133071
live.network.regions.Germany,10.142857142857142,10.735333565361715
live.network.regions.null,3.1904761904761907,0.671296351920824
live.network.regions.France,0.14285714285714285,0.41739193556484105
live.network.regions.Russia,0.0,0.0
live.network.regions.United Kingdom,0.21428571428571427,1.116084494697035
live.network.regions.Canada,0.2857142857142857,1.1106077063265483
live.network.regions.Sweden,0.16666666666666666,1.0801234497346435
live.network.regions.Colombia,0.35714285714285715,1.8976420358348007
live.network.regions.Finland,0.0,0.0
live.network.regions.Spain,0.09523809523809523,0.4310805374090423
live.network.regions.China,0.35714285714285715,2.3145502494313788
live.network.regions.India,0.047619047619047616,0.30860669992418377
live.network.regions.Japan,0.047619047619047616,0.3086066999241838
live.network.regions.Singapore,0.023809523809523808,0.15430334996209188
live.network.regions.Brazil,0.16666666666666666,0.9348709749678821
live.network.regions.Switzerland,0.07142857142857142,0.46291004988627577
static.high_entropy_strings,241.83333333333334,525.7369701558165
static.suspicious_API_calls,50.19047619047619,55.343379578612165
static.empty_catch_clauses,61.666666666666664,77.88818335082065
static.sensitive_keywords,244.23809523809524,374.0560026887724
static.jar_info.FileCount,9174.666666666666,13098.85128209986
