Column_Name,Mean,Std_Deviation
live.network.type.dns,22.69047619047619,24.79524747464093
live.network.type.http,339.2142857142857,2168.6654605519357
live.network.type.connection,21.142857142857142,12.617393006155313
live.sys_calls.files.modified_count,982.952380952381,2592.38242391501
live.sys_calls.registry.read,3398.4523809523807,6772.950483635229
live.sys_calls.registry.write,14.642857142857142,20.26509847071745
live.sys_calls.registry.delete,0.9761904761904762,5.701895684933065
live.memory.dll_count,253.61904761904762,469.6123960833747
live.persistence.suspicious_binaries_count,0.8571428571428571,3.1279341625800794
live.anomaly_detection.cpu.mean,0.09093923809441501,0.1275021774521293
live.anomaly_detection.memory.mean,0.4715288237895499,0.05430677886742062
VirusTotal.malicious,0.5,0.5060608273474739
VirusTotal.detections,4.904761904761905,6.335380804807868
live.network.regions.United States,349.8333333333333,2169.1104382893777
live.network.regions.Netherlands,8.166666666666666,9.886962755079297
live.network.regions.Ireland,6.309523809523809,4.397827042363221
live.network.regions.Germany,12.285714285714286,14.505315618236956
live.network.regions.null,3.3095238095238093,0.8406761285285889
live.network.regions.France,0.30952380952380953,0.9997095977868197
live.network.regions.Russia,0.21428571428571427,1.3887301496588276
live.network.regions.United Kingdom,0.5714285714285714,2.8123669151633157
live.network.regions.Canada,0.19047619047619047,0.8900012397386606
live.network.regions.Sweden,0.19047619047619047,1.0873573971677284
live.network.regions.Colombia,0.4523809523809524,1.5174172690492311
live.network.regions.Finland,0.11904761904761904,0.7715167498104597
live.network.regions.Spain,0.2619047619047619,1.1489024202238776
live.network.regions.China,0.6666666666666666,3.025635725713763
live.network.regions.India,0.047619047619047616,0.30860669992418377
live.network.regions.Japan,0.0,0.0
live.network.regions.Singapore,0.023809523809523808,0.15430334996209188
live.network.regions.Brazil,0.023809523809523808,0.15430334996209188
live.network.regions.Switzerland,0.07142857142857142,0.46291004988627577
static.high_entropy_strings,331.3809523809524,581.1786154384669
static.suspicious_API_calls,72.76190476190476,67.5659784224711
static.empty_catch_clauses,87.4047619047619,99.04324247120658
static.sensitive_keywords,326.57142857142856,394.4572772227773
static.jar_info.FileCount,9667.642857142857,12797.101984855846
